{
    " C ":  [0.0, 1.9090909090909092, 1.4090909090909092, 3.4339622641509435, 2.3424507658643328, 3.8666666666666667, 2.1666666666666665] ,
    " D ":  [2.0753968253968256, 0.0, 2.0, 2.9, 2.1405895691609977, 2.114341085271318, 2.7027027027027026] ,
    " E ":  [1.3846153846153846, 2.0, 0.0, 2.875, 3.5104166666666665, 3.6296296296296298, 2.130434782608696] ,
    " F ":  [1.298780487804878, 2.75, 2.0, 0.0, 1.8129032258064517, 1.2333333333333334, 1.0] ,
    " G ":  [1.0458715596330275, 1.0, 1.0, 1.0833333333333333, 0.0, 1.1355140186915889, 1.0952380952380953] ,
    " A ":  [1.6206896551724137, 1.0, 1.005791505791506, 1.0, 1.0626185958254268, 0.0, 1.92] ,
    " B ":  [1.8333333333333333, 2.0, 1.5467289719626167, 1.3333333333333333, 2.4086021505376345, 1.752212389380531, 0.0]
}

