{
    " C ":  [0.2690466531440162, 1.7164948453608246, 2.0080971659919027, 1.4779411764705883, 1.526530612244898, 1.891304347826087, 1.9005235602094241] ,
    " D ":  [1.7164948453608246, 0.24171888988361684, 1.6231884057971016, 2.6486486486486487, 1.4932432432432432, 1.4736842105263157, 1.9655172413793103] ,
    " E ":  [2.0080971659919027, 1.6231884057971016, 0.18573638448818477, 1.8624113475177304, 1.998397435897436, 2.0, 1.765925925925926] ,
    " F ":  [1.4779411764705883, 2.6486486486486487, 1.8624113475177304, 0.19029007633587786, 1.4914407988587732, 2.3181818181818183, 2.0588235294117645] ,
    " G ":  [1.526530612244898, 1.4932432432432432, 1.998397435897436, 1.4914407988587732, 0.25472047389855607, 1.4642857142857142, 2.2337078651685394] ,
    " A ":  [1.891304347826087, 1.4736842105263157, 2.0, 2.3181818181818183, 1.4642857142857142, 0.22397891963109354, 1.5084745762711864] ,
    " B ":  [1.9005235602094241, 1.9655172413793103, 1.765925925925926, 2.0588235294117645, 2.2337078651685394, 1.5084745762711864, 0.09875483039931301]
}

