{
    " C ":  [0.0, -1.0, 1.1470588235294117, 3.8823529411764706, 1.5989717223650386, 1.3076923076923077, 1.0, 2.0, 3.406896551724138, 3.5492957746478875, 1.5, 1.0, 1.6666666666666667, 2.5454545454545454] ,
    " D ":  [1.5518134715025906, 0.0, 1.560483870967742, 4.666666666666667, 1.8895089285714286, 3.742857142857143, 1.2352941176470589, 1.0, 5.033333333333333, 4.111984282907662, -1.0, 3.0, 5.333333333333333, 1.7118644067796611] ,
    " E ":  [1.697674418604651, 2.272727272727273, 0.0, -1.0, 2.9130434782608696, 2.6588235294117646, 1.9754901960784315, -1.0, 4.433333333333334, 5.377049180327869, -1.0, -1.0, 2.75, 2.380952380952381] ,
    " F ":  [1.4828544949026876, 1.4285714285714286, 1.4137931034482758, 0.0, 2.220183486238532, 4.75, 1.8333333333333333, 2.0, 4.323170731707317, 4.790849673202614, 1.8, 2.0, 4.0, 4.666666666666667] ,
    " G ":  [1.7488372093023257, -1.0, 1.85, 1.625, 0.0, -1.0, 1.6774193548387097, 3.0, 1.0824742268041236, 1.4667802385008517, -1.0, -1.0, -1.0, 2.7] ,
    " A ":  [2.5714285714285716, 1.1594827586206897, 2.267471958584987, 2.5, 2.372228704784131, 0.0, 2.356164383561644, -1.0, 2.1333333333333333, 3.0656565656565657, 1.0, -1.0, 1.0, 2.072463768115942] ,
    " B ":  [1.9375, 2.0, 1.6595744680851063, -1.0, 2.4, 1.2166666666666666, 0.0, -1.0, 3.909090909090909, 4.260869565217392, -1.0, -1.0, 2.0, 2.0] ,
    " Cm ":  [2.0, -1.0, 2.75, 3.5, 2.8, 4.0, 2.5, 0.0, 5.052631578947368, 5.538461538461538, 1.5454545454545454, 2.210526315789474, 5.0, 2.2] ,
    " Dm ":  [1.655688622754491, 1.1111111111111112, 1.5925925925925926, 1.25, 1.6063829787234043, 1.0, 2.0, 1.5, 0.0, 1.4270833333333333, 1.0, 2.0, 1.0, 1.8571428571428572] ,
    " Em ":  [1.041062801932367, -1.0, 1.0, 1.0, 1.2025518341307815, -1.0, 1.1111111111111112, -1.0, -1.0, 0.0, 2.0, -1.0, -1.0, 1.3176470588235294] ,
    " Fm ":  [1.2, -1.0, 1.8, 5.636363636363637, 2.4285714285714284, 2.0, 1.5, 5.0, 4.666666666666667, 4.714285714285714, 0.0, 1.0, 2.0, 3.0] ,
    " Gm ":  [2.5853658536585367, 1.5454545454545454, 2.0, 2.0714285714285716, 2.590909090909091, 1.8, 3.0, 2.0, 2.32967032967033, 3.608695652173913, 1.5, 0.0, 1.625, 1.0] ,
    " Am ":  [2.6035805626598467, 1.2666666666666666, 1.7386363636363635, 1.3835616438356164, 2.135593220338983, 2.0, 2.142857142857143, -1.0, 1.7664233576642336, 2.4516908212560384, 2.3333333333333335, -1.0, 0.0, 2.1666666666666665] ,
    " Bm ":  [1.5319148936170213, -1.0, 1.0789473684210527, -1.0, 1.0527156549520766, -1.0, -1.0, 1.0, 1.9230769230769231, 2.207627118644068, -1.0, -1.0, 7.0, 0.0]
}