{
    " C ":  [0.0, 1.6752136752136753, 1.5194805194805194, 1.6256345177664975, 1.2148194271481942, -1.0, 1.16, 2.4571428571428573, 1.46875, 1.0, -1.0, -1.0, 1.9820512820512821, 1.1470588235294117, 3.0, 2.2222222222222223, -1.0, 2.763157894736842, -1.0, 1.6666666666666667, -1.0, 1.0, -1.0, 2.0] ,
    " D ":  [2.188679245283019, 0.0, 2.508670520231214, 2.5925925925925926, 2.6129201680672267, 2.0112359550561796, 2.04, 6.0, 2.142857142857143, 2.3454545454545452, -1.0, 1.0, 4.714285714285714, 2.2, 2.6, 4.235294117647059, 2.6, 5.0, 2.0, 2.857142857142857, -1.0, 1.975, 5.285714285714286, -1.0] ,
    " E ":  [3.2857142857142856, 3.875, 0.0, 2.0, 3.776595744680851, 3.2752293577981653, 2.0, 4.571428571428571, -1.0, 4.0, -1.0, -1.0, 4.309278350515464, 2.0, 4.0, 4.2, 1.0, 3.772727272727273, -1.0, 1.9622641509433962, -1.0, 2.0, 4.26530612244898, 7.0] ,
    " F ":  [4.795454545454546, 1.0, 1.7941176470588236, 0.0, 1.53276955602537, 3.6666666666666665, 1.0, 5.45, 1.0, 6.0, -1.0, -1.0, 4.644, -1.0, 4.0, 4.4, 1.3333333333333333, 4.407407407407407, -1.0, 1.0, -1.0, -1.0, -1.0, 5.0] ,
    " G ":  [-1.0, 1.0, 1.0625, 1.0305010893246187, 0.0, -1.0, -1.0, 1.5384615384615385, -1.0, 3.0, -1.0, -1.0, 1.1598984771573604, -1.0, 1.6666666666666667, 1.9166666666666667, 1.2222222222222223, 2.066666666666667, -1.0, 2.0, 1.0, -1.0, -1.0, 1.0] ,
    " A ":  [1.25, 1.5, 1.7733217088055797, 2.3333333333333335, 1.6949846468781986, 0.0, 1.553191489361702, 1.8181818181818181, 1.4615384615384615, 1.380952380952381, -1.0, -1.0, 3.0545454545454547, 1.4817518248175183, 3.0, 1.3333333333333333, 2.0, 2.6666666666666665, 1.0, 2.311111111111111, -1.0, 1.3404255319148937, 1.024390243902439, 3.0] ,
    " B ":  [2.7777777777777777, 2.0, 1.0561122244488979, 1.25, 2.1574074074074074, 1.9555555555555555, 0.0, 4.142857142857143, 1.0, 1.0, -1.0, -1.0, 3.3666666666666667, 1.0, 5.5, 3.1666666666666665, 1.6, 3.210526315789474, -1.0, 1.0413793103448277, -1.0, -1.0, 2.823529411764706, -1.0] ,
    " Cm ":  [2.6666666666666665, 1.3333333333333333, 1.5, 1.6, 1.4324324324324325, -1.0, 1.0, 0.0, 1.375, -1.0, 1.0, 1.0, -1.0, 1.75, 1.0, 0.9, -1.0, 1.9102564102564104, 1.0, 2.0, -1.0, 2.0, -1.0, -1.0] ,
    " Dm ":  [4.0, -1.0, 1.0666666666666667, 1.5, 1.7688442211055277, 3.8, -1.0, 4.764705882352941, 0.0, 5.333333333333333, -1.0, -1.0, 4.121621621621622, 1.1428571428571428, -1.0, 4.545454545454546, -1.0, 6.333333333333333, -1.0, 1.2, -1.0, -1.0, -1.0, 8.0] ,
    " Em ":  [1.7128712871287128, 2.6344086021505375, 2.0, 2.6607142857142856, 2.436293436293436, 1.5294117647058822, 2.16, 4.733333333333333, 2.3529411764705883, 0.0, 1.0, -1.0, 3.273015873015873, 1.8045977011494252, 3.5, 4.142857142857143, 2.1666666666666665, 6.5, -1.0, 3.0, -1.0, -1.0, -1.0, -1.0] ,
    " Fm ":  [1.1, 1.0, 1.6666666666666667, 2.1578947368421053, 2.375, -1.0, 1.0, 2.5483870967741935, 1.3333333333333333, -1.0, 0.0, 2.0, 4.4375, 1.5, 1.3333333333333333, 3.6, 1.5, 3.618181818181818, 2.0, 1.0, -1.0, 1.0, 6.0, 2.0] ,
    " Gm ":  [2.4193548387096775, 1.8125, 2.0, 2.161290322580645, 2.125, 2.0, 3.0, 2.6, 1.930232558139535, 2.6666666666666665, 2.0, 0.0, 3.6296296296296298, 2.0, 3.0, 2.588235294117647, -1.0, 4.35, 1.0, 3.0, -1.0, 3.0, 2.3333333333333335, 4.0] ,
    " Am ":  [1.2432432432432432, 1.7333333333333334, 2.040650406504065, 2.546341463414634, 2.0998573466476462, -1.0, 1.5, 1.1666666666666667, 1.815217391304348, 1.2, 1.0, -1.0, 0.0, 1.7222222222222223, 1.0, 1.0, -1.0, 2.823529411764706, -1.0, 3.0, -1.0, 1.0, -1.0, -1.0] ,
    " Bm ":  [1.0, 1.9333333333333333, 1.015267175572519, 3.0, 1.4403927068723703, 1.4166666666666667, -1.0, 3.9285714285714284, 2.0, 1.6, -1.0, -1.0, 3.372340425531915, 0.0, 7.0, 2.0, 1.0, 4.6, -1.0, 1.119047619047619, -1.0, -1.0, 4.0, 4.0] ,
    " C# ":  [5.0, 1.6666666666666667, 1.55, 1.2, 2.8333333333333335, 4.2, 1.2830188679245282, 2.0, -1.0, -1.0, -1.0, -1.0, 3.5, 2.1666666666666665, 0.0, 4.5, 1.0, 2.337078651685393, -1.0, 3.0, -1.0, 1.3333333333333333, 4.5, 1.0] ,
    " D# ":  [1.0, 1.0, 1.6, 1.85, 2.0, -1.0, 1.8, -1.0, 1.0, -1.0, -1.0, -1.0, -1.0, 1.0, 1.0, 0.0, -1.0, 1.4303797468354431, 1.0, 1.0, -1.0, 1.0, 1.0, 1.0] ,
    " F# ":  [2.0, 4.2727272727272725, 2.4838709677419355, 3.0, 3.393939393939394, 2.923076923076923, 2.1139240506329116, -1.0, -1.0, 3.0, -1.0, -1.0, 5.75, 2.1, 1.6, 4.0, 0.0, 3.3, -1.0, 2.6578947368421053, 2.5, 1.0, 3.2666666666666666, 2.5] ,
    " G# ":  [-1.0, -1.0, 1.8181818181818181, 2.4, -1.0, -1.0, -1.0, -1.0, -1.0, -1.0, -1.0, -1.0, -1.0, -1.0, -1.0, -1.0, 1.5, 0.0, -1.0, 1.8636363636363635, -1.0, -1.0, -1.0, 1.8] ,
    " A# ":  [1.8571428571428572, -1.0, -1.0, 1.5128205128205128, 2.1176470588235294, 1.0, 1.3333333333333333, 2.0, 2.0, -1.0, -1.0, -1.0, 4.5, 1.0, -1.0, 2.0, -1.0, 2.4038461538461537, 0.0, 1.5, -1.0, -1.0, -1.0, 5.0] ,
    " C#m ":  [5.5, 2.0, 2.004739336492891, -1.0, 2.6, 1.0294117647058822, -1.0, 4.5, -1.0, -1.0, -1.0, -1.0, 4.0, -1.0, -1.0, 2.25, -1.0, 3.0, -1.0, 0.0, -1.0, -1.0, 2.0, -1.0] ,
    " D#m ":  [-1.0, -1.0, 1.8, 1.0, 3.0, 4.0, 1.2592592592592593, -1.0, -1.0, -1.0, -1.0, -1.0, -1.0, 2.0, 1.0, 4.0, -1.0, 3.6, 1.0, 2.0, 0.0, -1.0, -1.0, 1.5714285714285714] ,
    " F#m ":  [2.6666666666666665, 3.0, 1.3125, 1.5, 2.4452054794520546, 2.2386363636363638, 1.4166666666666667, 4.75, 1.0, 1.4, -1.0, -1.0, 5.111111111111111, 1.0140845070422535, 5.5, 3.0, -1.0, 4.25, -1.0, 1.3846153846153846, -1.0, 0.0, 3.0, 3.0] ,
    " G#m ":  [1.0, 1.0, 1.7588652482269505, -1.0, 1.5, -1.0, 1.368421052631579, 1.0, -1.0, -1.0, -1.0, -1.0, 2.3333333333333335, 1.0, 1.0, 1.25, -1.0, 2.857142857142857, -1.0, 1.625, 1.2, 1.1111111111111112, 0.0, -1.0] ,
    " A#m ":  [5.0, -1.0, -1.0, -1.0, -1.0, -1.0, -1.0, 5.0, -1.0, -1.0, -1.0, -1.0, 9.0, -1.0, -1.0, 4.0, -1.0, 2.9473684210526314, -1.0, -1.0, -1.0, -1.0, -1.0, 0.0] 
}