{
    " C ":  [0.0, -1.0, 1.0, 1.3333333333333333, 2.0, -1.0, 1.0, 1.4375, 1.4915254237288136, -1.0, 1.0, 1.5, 1.0694050991501416, 1.0309278350515463, -1.0, -1.0, 1.0, -1.0, 1.25] ,
    " D ":  [1.7583892617449663, 0.0, 2.6661157024793387, 4.045454545454546, 2.827956989247312, 1.064327485380117, 3.1, 1.9090909090909092, 1.8571428571428572, 4.2, 2.0, 1.44, 3.1393258426966293, 1.8265306122448979, -1.0, -1.0, 2.8043478260869565, 1.0, 1.9] ,
    " E ":  [1.0357142857142858, 1.0, 0.0, 1.7, 1.0, 1.0315789473684212, 1.375, 1.5, 1.0, -1.0, 2.0, 1.0, 1.7723577235772359, 1.8144329896907216, -1.0, -1.0, 1.2260869565217392, -1.0, -1.0] ,
    " F ":  [1.876543209876543, 1.5, 3.789473684210526, 0.0, 2.5714285714285716, 1.1764705882352942, 5.0, 2.026315789473684, 2.080357142857143, -1.0, 3.0, 1.625, 2.676728334956183, 1.5, 1.0, 2.0, 2.3333333333333335, 1.0, 2.1315789473684212] ,
    " G ":  [1.9275362318840579, 1.1021671826625388, 2.2244897959183674, 2.6129032258064515, 0.0, 1.9409937888198758, 2.1142857142857143, 2.1296296296296298, 2.234042553191489, 1.5666666666666667, -1.0, 2.75, 2.674544226873734, 2.446124763705104, -1.0, 2.6666666666666665, 1.6666666666666667, -1.0, 2.4] ,
    " A ":  [2.3206521739130435, 1.5, 1.6985365853658536, 3.4285714285714284, 1.2380952380952381, 0.0, 2.154639175257732, 1.7142857142857142, 1.3142857142857143, 2.9166666666666665, 1.0, 1.0, 4.2625, 1.0797665369649805, -1.0, -1.0, 1.75, -1.0, 1.5555555555555556] ,
    " B ":  [1.7654320987654322, 1.5, 1.278745644599303, 2.8181818181818183, 2.357142857142857, 1.9615384615384615, 0.0, 2.75, 3.0, 1.0, 1.0, 3.0, 2.4680851063829787, -1.0, 2.2222222222222223, -1.0, 2.017391304347826, -1.0, 2.5] ,
    " Cm ":  [4.0, -1.0, 2.0, 4.0, 1.3333333333333333, -1.0, 3.0, 0.0, -1.0, 3.0, 1.0, -1.0, 4.25, -1.0, 1.0, -1.0, 1.0, -1.0, 1.4] ,
    " Dm ":  [2.3333333333333335, -1.0, 4.111111111111111, 3.0657894736842106, 3.0, -1.0, 4.0, 1.6153846153846154, 0.0, -1.0, -1.0, 1.1428571428571428, 2.808564231738035, 1.0, -1.0, -1.0, 4.0, -1.0, 1.1333333333333333] ,
    " Em ":  [3.129080118694362, 1.8333333333333333, 5.620689655172414, 3.8636363636363638, 2.1515151515151514, 2.4719101123595504, 2.8095238095238093, 2.3333333333333335, 2.0, 0.0, 2.0, 2.5, 3.8233333333333333, 2.4296296296296296, -1.0, -1.0, 4.045454545454546, -1.0, -1.0] ,
    " Fm ":  [1.5862068965517242, -1.0, 3.5, 3.0, 3.0, 2.0, 2.0, 1.7380952380952381, 1.0, -1.0, 0.0, 2.0, 3.769230769230769, 1.6666666666666667, 2.0, 2.0, 2.2857142857142856, 1.0, 2.25] ,
    " Gm ":  [2.7083333333333335, -1.0, 3.0, 3.911111111111111, 3.6, -1.0, 5.0, 1.2033898305084745, 1.3478260869565217, -1.0, 1.0, 0.0, 4.134615384615385, 1.0, -1.0, 1.0, 1.5, -1.0, 1.0769230769230769] ,
    " Am ":  [-1.0, -1.0, -1.0, 2.066666666666667, -1.0, 1.0, 1.0, 1.0, -1.0, -1.0, -1.0, -1.0, 0.0, 1.3, -1.0, -1.0, 1.0, -1.0, -1.0] ,
    " Bm ":  [3.2950819672131146, -1.0, 3.6106870229007635, 4.5, 2.3389830508474576, 2.0, 4.0, 1.3333333333333333, -1.0, 4.2, -1.0, -1.0, 4.183098591549296, 0.0, -1.0, -1.0, 2.8125, -1.0, -1.0] ,
    " C# ":  [3.9, 1.2, 3.357142857142857, 2.6666666666666665, -1.0, 1.3333333333333333, 3.0, 2.8, -1.0, -1.0, 1.6, 3.0, 4.666666666666667, 1.0, 0.0, 2.75, 1.9594594594594594, 1.6111111111111112, 2.0] ,
    " D# ":  [3.4, 1.0, 3.3846153846153846, 2.1666666666666665, 3.5, 2.0, 2.7142857142857144, 2.6, 1.0, -1.0, -1.0, 2.235294117647059, 4.0, 2.0, 2.625, 0.0, 1.9, 1.5833333333333333, 2.52] ,
    " F# ":  [2.2777777777777777, -1.0, 2.4057971014492754, 3.5, -1.0, -1.0, 1.2195121951219512, -1.0, -1.0, 1.0, -1.0, -1.0, 3.4705882352941178, 2.4482758620689653, 1.0, -1.0, 0.0, -1.0, 2.3333333333333335] ,
    " G# ":  [3.0454545454545454, -1.0, 3.3823529411764706, 4.2, 1.8571428571428572, 1.2, 3.25, 1.603448275862069, -1.0, -1.0, 1.5, 1.0, 4.125, 2.0, 1.25, 1.0, 1.5, 0.0, 1.7222222222222223] ,
    " A# ":  [4.333333333333333, -1.0, 5.5, 3.4166666666666665, 4.5, -1.0, 3.5, 1.4782608695652173, -1.0, -1.0, -1.0, -1.0, 4.428571428571429, 2.0, -1.0, -1.0, 2.5714285714285716, 4.0, 0.0]
}